No;ID;C1;C2;A;M1;M2;contY;binY
1;1;1.613946034;C2_1;0;0;M2_0;0.642024393;0
2;2;0.591399539;C2_0;0;1;M2_1;2.01409681;0
3;3;1.763081826;C2_0;1;1;M2_0;-0.111597495;0
4;4;-0.355966347;C2_1;1;0;M2_2;-2.497847429;0
5;5;2.323020555;C2_0;1;0;M2_2;0.448822038;0
6;6;0.578024865;C2_0;0;0;M2_1;-0.555476132;0
7;7;-1.182336759;C2_0;0;0;M2_2;-0.477030954;0
8;8;1.810240703;C2_0;0;0;M2_0;0.300532318;0
9;9;-0.226104058;C2_1;1;1;M2_2;0.590718614;0
10;10;0.213902054;C2_0;0;1;M2_1;0.781499509;0
11;11;-0.229378934;C2_0;1;1;M2_1;1.793685361;0
12;12;0.440701129;C2_1;1;1;M2_2;-0.523576115;0
13;13;0.972722068;C2_0;0;0;M2_2;-1.088827869;0
14;14;0.904217431;C2_0;0;0;M2_1;1.212539821;0
15;15;0.065404844;C2_0;0;0;M2_0;0.723966559;0
16;16;3.075311439;C2_1;0;1;M2_1;-0.46265119;0
17;17;-0.260368925;C2_0;1;0;M2_2;0.84574227;0
18;18;0.112597166;C2_1;1;0;M2_1;-1.173873896;0
19;19;2.108201679;C2_0;1;0;M2_2;0.034849242;0
20;20;1.283214171;C2_1;1;1;M2_0;-2.084142833;0
21;21;1.623124042;C2_1;0;0;M2_1;-0.159903762;0
22;22;1.897112887;C2_1;1;0;M2_2;-1.643473657;0
23;23;1.39177366;C2_0;1;0;M2_2;0.070331485;0
24;24;-0.46326406;C2_1;1;0;M2_2;-1.783193005;0
25;25;0.084235484;C2_0;0;0;M2_2;0.442274039;0
26;26;-0.020880018;C2_0;1;1;M2_2;-1.048545526;0
27;27;-0.067778376;C2_0;1;1;M2_1;1.131831325;0
28;28;1.408148948;C2_0;1;1;M2_0;0.261713008;0
29;29;0.858353791;C2_0;0;0;M2_1;0.180740486;0
30;30;0.88607769;C2_1;1;0;M2_2;-2.09832247;0
31;31;1.806781186;C2_0;1;0;M2_0;0.263589162;0
32;32;0.167584889;C2_0;0;0;M2_0;-0.076982467;0
33;33;-0.293925923;C2_0;1;1;M2_0;1.020790612;0
34;34;0.443785238;C2_0;1;0;M2_2;1.203663668;0
35;35;0.989126171;C2_1;1;0;M2_2;-1.234685542;0
36;36;0.624917857;C2_1;0;0;M2_0;0.064304198;0
37;37;0.293484733;C2_0;1;0;M2_1;0.915207076;0
38;38;0.466855213;C2_0;1;0;M2_1;1.892049034;0
39;39;1.392418551;C2_1;0;0;M2_2;-3.410992906;0
40;40;1.000590225;C2_0;0;1;M2_1;-0.758886978;0
41;41;1.712718361;C2_0;1;0;M2_0;0.729428661;0
42;42;-0.436556302;C2_1;1;1;M2_2;0.487187427;0
43;43;0.071048427;C2_0;1;1;M2_2;-1.030732719;0
44;44;1.643500447;C2_0;1;1;M2_0;0.449524802;0
45;45;0.531997806;C2_1;1;0;M2_2;-0.308753279;0
46;46;1.470414486;C2_1;0;0;M2_1;1.531732276;0
47;47;0.593489001;C2_1;0;0;M2_1;-0.318595189;0
48;48;1.259326374;C2_1;0;0;M2_0;-0.772487965;0
49;49;0.412936246;C2_0;1;1;M2_0;2.22418072;0
50;50;2.756575057;C2_0;0;1;M2_0;1.85196986;0
51;51;-0.008938435;C2_0;1;1;M2_2;0.576651348;0
52;52;0.281870506;C2_1;1;0;M2_1;-0.159990423;0
53;53;0.211695419;C2_0;1;0;M2_0;2.889455957;0
54;54;2.11538333;C2_0;1;1;M2_0;2.034824317;0
55;55;0.838539869;C2_0;0;1;M2_0;0.883021505;0
56;56;0.446656186;C2_0;1;0;M2_1;2.114981607;0
57;57;0.958921611;C2_1;0;0;M2_0;-1.421597118;0
58;58;3.056444532;C2_1;0;1;M2_0;-2.038089177;0
59;59;2.441362232;C2_0;0;0;M2_0;0.343716424;0
60;60;2.089352949;C2_0;0;0;M2_0;-0.133425803;0
61;61;1.583966581;C2_1;0;1;M2_0;0.115374001;0
62;62;0.867612438;C2_1;1;0;M2_0;-1.834418033;0
63;63;0.816367162;C2_1;1;1;M2_1;-0.323778435;0
64;64;1.614108904;C2_0;0;0;M2_0;2.882771683;0
65;65;1.332772925;C2_0;0;1;M2_2;-2.507740078;0
66;66;0.719650445;C2_0;0;1;M2_2;0.254194598;0
67;67;0.151472742;C2_1;1;1;M2_2;-1.632547669;0
68;68;0.506028526;C2_0;0;0;M2_0;0.049479274;0
69;69;0.469627335;C2_1;1;0;M2_1;-1.749872193;0
70;70;1.362021547;C2_0;0;0;M2_0;-0.276616221;0
71;71;0.576601559;C2_1;1;0;M2_0;-1.259211933;0
72;72;2.089805403;C2_0;0;1;M2_0;-0.147762248;0
73;73;1.188721372;C2_0;0;0;M2_1;-1.547775068;0
74;74;1.348929454;C2_1;1;0;M2_0;-0.705588741;0
75;75;1.339324969;C2_1;1;0;M2_1;-2.923392739;0
76;76;-0.926728596;C2_0;1;1;M2_1;0.881929081;0
77;77;1.779779633;C2_0;1;0;M2_1;2.39494942;0
78;78;-0.157281144;C2_0;0;1;M2_0;-0.204175414;0
79;79;3.936548618;C2_0;0;0;M2_0;-0.762778883;0
80;80;-1.497154458;C2_0;0;0;M2_2;1.868362836;0
81;81;2.385965153;C2_1;0;1;M2_2;-2.086147366;0
82;82;2.970183178;C2_0;0;0;M2_0;-0.918979241;0
83;83;1.545818013;C2_0;0;1;M2_1;0.938840437;0
84;84;0.818016735;C2_0;1;0;M2_1;2.326892513;0
85;85;-0.646764366;C2_0;0;0;M2_1;2.588490285;0
86;86;2.335485665;C2_0;0;1;M2_0;-0.047741666;0
87;87;2.087933648;C2_1;0;0;M2_0;-1.398365267;0
88;88;0.831523432;C2_0;0;0;M2_1;4.089793858;0
89;89;2.923955051;C2_1;1;0;M2_0;-1.676046245;0
90;90;1.13894277;C2_0;1;0;M2_1;2.227095432;0
91;91;1.008511751;C2_0;1;0;M2_2;-0.834021985;0
92;92;1.394617584;C2_0;0;1;M2_0;0.804324053;0
93;93;1.22426417;C2_0;1;1;M2_2;-0.556768305;0
94;94;1.229070901;C2_0;0;0;M2_2;1.324575861;0
95;95;0.46152806;C2_0;0;1;M2_0;1.960422903;0
96;96;-0.031445696;C2_1;1;0;M2_2;0.259281332;0
97;97;0.943716897;C2_0;0;1;M2_1;1.169526614;0
98;98;-0.967597776;C2_1;1;1;M2_2;-0.758481231;0
99;99;2.41719511;C2_1;0;0;M2_1;-2.390408101;0
100;100;1.875085265;C2_0;0;0;M2_1;0.033356638;0
101;101;0.76186346;C2_1;1;0;M2_1;0.392604349;0
102;102;0.232809181;C2_0;0;1;M2_1;1.137023441;0
103;103;1.021031837;C2_0;1;0;M2_1;-1.016102542;0
104;104;-0.855850715;C2_0;1;1;M2_2;0.297430466;0
105;105;2.143814419;C2_0;1;0;M2_0;-0.808685558;0
106;106;1.209903649;C2_0;1;0;M2_1;1.821729203;0
107;107;2.738561489;C2_0;0;0;M2_0;-0.920930211;0
108;108;0.547026912;C2_0;0;1;M2_0;0.296359971;0
109;109;0.510126764;C2_0;0;1;M2_0;-0.298611985;0
110;110;0.883179983;C2_0;0;1;M2_1;0.394382167;0
111;111;1.150108427;C2_1;0;1;M2_0;-2.734816261;0
112;112;2.555766949;C2_1;0;0;M2_0;-2.051815686;0
113;113;0.583260959;C2_1;0;1;M2_2;-1.517316811;0
114;114;0.493368417;C2_1;1;1;M2_2;-0.464144757;0
115;115;1.718523942;C2_0;0;0;M2_0;-0.386840271;0
116;116;2.619202215;C2_0;0;1;M2_0;-0.743754318;0
117;117;1.836637619;C2_0;1;0;M2_0;0.094714492;0
118;118;2.583456718;C2_1;1;0;M2_0;-3.023882302;0
119;119;3.259496005;C2_1;0;0;M2_0;-1.304957357;0
120;120;0.210149863;C2_1;0;0;M2_1;-0.548663018;0
121;121;2.058609284;C2_1;0;1;M2_0;-1.905301655;0
122;122;1.863245118;C2_0;0;1;M2_0;0.782291899;0
123;123;0.871553295;C2_0;1;0;M2_2;0.60299474;0
124;124;1.662014059;C2_1;1;1;M2_1;-1.290211265;0
125;125;0.431734827;C2_1;1;0;M2_0;0.582426141;0
126;126;2.133841175;C2_1;1;0;M2_1;-1.165866484;0
127;127;1.567592643;C2_1;0;1;M2_1;-1.087666532;0
128;128;-0.148287347;C2_1;0;1;M2_2;-0.755468224;0
129;129;0.301561442;C2_1;1;0;M2_2;-2.933508193;0
130;130;0.298603578;C2_0;0;1;M2_1;0.291147095;0
131;131;0.098615223;C2_1;1;0;M2_2;0.038352703;0
132;132;0.549014825;C2_0;1;1;M2_1;2.26415548;0
133;133;1.427041935;C2_1;0;1;M2_0;-2.262891634;0
134;134;-0.565415115;C2_1;1;1;M2_2;-1.039761229;0
135;135;0.965986659;C2_0;1;0;M2_1;1.248451288;0
136;136;0.519596209;C2_0;0;0;M2_1;1.704236066;0
137;137;-0.468163379;C2_1;0;0;M2_2;-1.225566962;0
138;138;2.270165461;C2_0;1;0;M2_1;1.2347139;0
139;139;1.643096507;C2_0;1;0;M2_0;0.710032649;0
140;140;0.942044345;C2_0;0;0;M2_0;1.87825281;0
141;141;1.013501275;C2_0;1;1;M2_1;2.239953682;0
142;142;0.808603722;C2_0;0;1;M2_2;1.508932124;0
143;143;1.004801901;C2_0;1;1;M2_1;1.750173946;0
144;144;1.446239209;C2_1;0;0;M2_2;-0.355103571;0
145;145;1.350018925;C2_1;0;1;M2_1;-2.729716632;0
146;146;0.904341819;C2_0;0;1;M2_1;0.052670455;0
147;147;0.627613597;C2_0;1;1;M2_1;0.271907817;0
148;148;0.746749778;C2_1;1;1;M2_2;-2.014749922;0
149;149;2.157937073;C2_1;1;0;M2_2;-0.22536851;0
150;150;0.822542298;C2_1;1;0;M2_1;0.146861846;0
151;151;2.047843311;C2_0;0;1;M2_0;-0.295024493;0
152;152;2.574986153;C2_1;1;0;M2_0;-2.120019055;0
153;153;2.886101117;C2_0;1;0;M2_1;1.546290141;0
154;154;0.982729944;C2_1;1;0;M2_1;-0.871808306;0
155;155;0.606510926;C2_1;0;1;M2_0;-1.091607473;0
156;156;-0.062903787;C2_1;1;0;M2_1;0.279053898;0
157;157;1.17079322;C2_0;0;0;M2_0;0.573931736;0
158;158;-0.969903045;C2_1;1;1;M2_2;-0.409445924;0
159;159;1.851508441;C2_0;0;0;M2_0;0.563164417;0
160;160;3.015953745;C2_0;1;1;M2_0;0.549308648;0
161;161;-0.314370546;C2_0;0;0;M2_0;-1.93381934;0
162;162;0.910982794;C2_1;0;0;M2_0;-2.807469181;0
163;163;1.573772666;C2_1;0;0;M2_0;-1.550238133;0
164;164;2.154362032;C2_0;0;0;M2_1;0.267096893;0
165;165;1.492856061;C2_0;0;0;M2_2;-0.686364789;0
166;166;0.232667148;C2_0;1;1;M2_2;1.653411262;0
167;167;0.619372316;C2_0;1;0;M2_1;3.574412628;0
168;168;0.446189978;C2_1;0;1;M2_1;1.302360484;0
169;169;2.204386292;C2_0;0;0;M2_0;-0.573838819;0
170;170;-0.34681532;C2_0;0;1;M2_0;-0.769617526;0
171;171;-1.35576165;C2_1;1;1;M2_2;-1.679751143;0
172;172;0.532743083;C2_0;0;0;M2_2;-0.67578097;0
173;173;3.480610084;C2_0;0;0;M2_0;-0.263176631;0
174;174;1.469276035;C2_1;0;1;M2_2;-0.770947689;0
175;175;0.323644341;C2_0;0;1;M2_1;1.054786273;0
176;176;2.780846558;C2_0;0;1;M2_0;-1.970033579;0
177;177;-1.160659595;C2_0;1;1;M2_0;2.706522043;0
178;178;2.1266576;C2_0;0;0;M2_1;1.118303243;0
179;179;-0.099184769;C2_0;0;1;M2_1;2.886751225;0
180;180;1.71658667;C2_0;0;0;M2_0;-0.131820841;0
181;181;0.220293363;C2_0;0;0;M2_0;-1.490627043;0
182;182;0.625407824;C2_0;1;1;M2_1;2.281250077;0
183;183;1.349533755;C2_1;1;1;M2_1;-0.025470073;0
184;184;0.279199242;C2_0;0;0;M2_0;1.189428837;0
185;185;3.540346444;C2_0;0;0;M2_0;-0.358584095;0
186;186;0.688939389;C2_1;1;0;M2_1;-0.786245713;0
187;187;1.329775504;C2_1;1;0;M2_0;-3.355619505;0
188;188;2.364717986;C2_0;0;0;M2_2;0.468836812;0
189;189;0.942340047;C2_0;0;1;M2_1;1.627890653;0
190;190;0.204597922;C2_0;0;0;M2_2;0.996641976;0
191;191;2.204318064;C2_0;0;0;M2_0;0.595529987;0
192;192;1.292140246;C2_1;0;0;M2_2;-1.122308792;0
193;193;2.461885088;C2_0;0;0;M2_1;0.203573338;0
194;194;2.437636563;C2_1;0;0;M2_1;-1.997212751;0
195;195;1.724992114;C2_0;0;1;M2_2;-0.652296621;0
196;196;2.353650081;C2_1;0;1;M2_0;-4.502400906;0
197;197;0.40265626;C2_1;0;1;M2_1;0.321915091;0
198;198;1.804035864;C2_1;1;0;M2_1;-1.236562833;0
199;199;0.644021577;C2_0;0;1;M2_2;1.129551844;0
200;200;1.2429389;C2_0;0;0;M2_1;0.097441349;0
201;201;1.127112707;C2_1;0;0;M2_0;0.751550776;0
202;202;2.053399109;C2_0;1;0;M2_0;-0.056627208;0
203;203;0.320811502;C2_1;0;1;M2_1;-2.145144327;0
204;204;1.159186661;C2_1;0;0;M2_0;-1.220076115;0
205;205;-0.32373428;C2_0;1;0;M2_1;0.791720414;0
206;206;0.954210854;C2_0;0;0;M2_0;-0.980435999;0
207;207;1.47463176;C2_0;1;1;M2_0;1.148355439;0
208;208;0.715821437;C2_1;1;1;M2_0;0.609397587;0
209;209;0.809679091;C2_1;1;0;M2_2;-1.202575694;0
210;210;-0.660385232;C2_0;0;0;M2_1;1.259433168;0
211;211;2.333556688;C2_0;0;0;M2_0;0.387256524;0
212;212;1.387738121;C2_0;0;0;M2_0;0.577589712;0
213;213;0.432138711;C2_0;0;0;M2_0;-0.289179489;0
214;214;0.081583863;C2_0;1;1;M2_2;-0.690797805;0
215;215;0.459907558;C2_1;1;0;M2_0;-0.602628248;0
216;216;1.312193313;C2_1;1;0;M2_1;-3.120372429;0
217;217;1.165224117;C2_0;0;0;M2_1;-0.431825469;0
218;218;1.685226804;C2_0;0;1;M2_1;-1.187412911;0
219;219;1.05801833;C2_1;0;1;M2_0;-1.666051599;0
220;220;1.845453496;C2_0;1;1;M2_0;1.130990397;0
221;221;0.291177808;C2_0;0;1;M2_0;-0.276741677;0
222;222;-0.134681484;C2_1;1;0;M2_2;-1.95298629;0
223;223;-0.384925492;C2_0;1;1;M2_1;1.804832795;0
224;224;3.614073343;C2_1;0;0;M2_1;-2.616960678;0
225;225;0.588381991;C2_0;0;0;M2_2;-0.890945327;0
226;226;1.02719224;C2_0;0;1;M2_1;0.72729397;0
227;227;0.739532978;C2_1;1;1;M2_2;0.07065383;0
228;228;-0.214054622;C2_1;0;1;M2_2;-1.218614611;0
229;229;1.973640051;C2_0;1;0;M2_2;0.495930971;0
230;230;1.733084729;C2_1;0;0;M2_1;-2.020835568;0
231;231;0.353517712;C2_0;0;1;M2_1;-0.255092957;0
232;232;2.159727975;C2_0;0;0;M2_0;0.319032017;0
233;233;0.48179243;C2_0;0;1;M2_1;2.236283779;0
234;234;1.303652011;C2_1;0;0;M2_0;-2.310962927;0
235;235;-0.323687392;C2_1;0;0;M2_1;-0.600816793;0
236;236;0.772314303;C2_1;0;1;M2_2;0.425425738;0
237;237;2.219731172;C2_0;0;1;M2_0;-0.408827447;0
238;238;1.390260414;C2_0;0;0;M2_1;-0.914515447;0
239;239;1.0233867;C2_1;1;1;M2_1;-3.287875856;0
240;240;-0.327300692;C2_1;1;1;M2_2;-0.944728046;0
241;241;0.605804456;C2_1;0;0;M2_2;-2.846735696;1
242;242;2.157319095;C2_0;0;0;M2_1;-0.768968285;0
243;243;2.487234441;C2_1;0;0;M2_0;-3.548459557;0
244;244;1.550313146;C2_1;1;0;M2_0;-0.755068397;0
245;245;0.940522434;C2_0;1;0;M2_0;1.249231451;0
246;246;0.747607382;C2_1;1;0;M2_2;-0.728187696;0
247;247;-0.237761079;C2_0;0;1;M2_0;1.149062304;1
248;248;1.551851817;C2_0;0;0;M2_1;-0.016698675;0
249;249;0.711021141;C2_1;0;1;M2_1;-1.293628263;0
250;250;1.92624655;C2_0;0;0;M2_1;0.311920802;0
251;251;-0.540691839;C2_0;0;1;M2_0;0.66603011;0
252;252;-0.22769991;C2_0;0;0;M2_0;1.595598272;0
253;253;0.96657338;C2_0;1;0;M2_0;3.578929522;0
254;254;2.055253412;C2_0;0;1;M2_2;-0.700944415;0
255;255;1.56811526;C2_0;1;1;M2_0;0.230728622;0
256;256;0.84168928;C2_0;0;0;M2_1;-0.148224069;0
257;257;1.424461601;C2_1;0;0;M2_2;-2.758462496;0
258;258;0.283417499;C2_0;1;1;M2_0;0.341027874;0
259;259;-0.594549431;C2_1;1;1;M2_2;-0.313402118;0
260;260;-0.804537031;C2_1;1;1;M2_2;-1.20367838;0
261;261;1.183677715;C2_0;1;1;M2_0;2.571948112;0
262;262;1.683733031;C2_0;0;0;M2_0;-0.931865899;0
263;263;1.007753833;C2_0;0;0;M2_0;-0.817132849;0
264;264;-0.130009111;C2_1;1;0;M2_2;0.681307577;0
265;265;2.57451116;C2_0;0;1;M2_1;1.646308761;0
266;266;0.806106229;C2_0;1;0;M2_0;-2.098641024;0
267;267;1.813170088;C2_0;0;0;M2_1;0.580280111;0
268;268;0.119912791;C2_1;0;1;M2_2;-2.229658089;0
269;269;0.145493374;C2_0;0;1;M2_2;-0.422488606;0
270;270;0.71351901;C2_0;0;1;M2_0;-0.809556713;0
271;271;0.4365442;C2_0;0;1;M2_1;0.061711687;0
272;272;3.07514619;C2_0;0;0;M2_0;-0.339103717;0
273;273;1.376806469;C2_1;0;0;M2_0;-1.729856539;0
274;274;1.815245578;C2_0;0;1;M2_0;0.688513128;0
275;275;0.775111465;C2_1;1;1;M2_1;-0.085060937;0
276;276;2.104380142;C2_0;0;0;M2_2;-0.320506916;0
277;277;2.461646263;C2_0;1;0;M2_0;0.62761123;0
278;278;1.938401204;C2_1;0;0;M2_0;-2.85806657;0
279;279;0.759559683;C2_0;1;0;M2_1;0.998929809;0
280;280;0.033725571;C2_0;1;0;M2_0;0.459579919;0
281;281;1.341941576;C2_1;0;1;M2_0;-1.208439417;0
282;282;-0.494133676;C2_1;0;0;M2_2;-1.257630414;0
283;283;0.520090371;C2_0;1;1;M2_1;1.197985058;0
284;284;-0.888781535;C2_0;0;1;M2_0;0.411278955;0
285;285;2.25454528;C2_0;0;0;M2_0;-0.132777674;0
286;286;-0.211592963;C2_1;0;0;M2_0;-1.931842197;0
287;287;-0.079518707;C2_1;0;0;M2_1;-2.251048846;0
288;288;0.950111647;C2_0;0;0;M2_2;-1.04517466;0
289;289;0.660269631;C2_0;0;0;M2_2;0.062271582;0
290;290;-0.949381253;C2_0;1;0;M2_2;0.739492998;0
291;291;1.428901855;C2_0;0;1;M2_0;1.664318096;0
292;292;2.855079214;C2_0;0;1;M2_0;-2.128105711;0
293;293;0.689754211;C2_1;0;0;M2_0;-1.671210698;0
294;294;2.007327847;C2_1;1;1;M2_1;-0.448567509;0
295;295;-0.387704176;C2_1;1;0;M2_2;-1.495968736;0
296;296;0.196765636;C2_0;1;1;M2_2;2.008802116;0
297;297;0.136172161;C2_0;1;0;M2_0;1.025323258;0
298;298;3.353276823;C2_1;0;0;M2_2;-3.074109257;0
299;299;1.565588189;C2_0;0;0;M2_2;-0.091646709;0
300;300;-0.043726721;C2_0;1;1;M2_0;1.136517502;0
301;301;-0.059485449;C2_0;0;1;M2_0;0.847446087;0
302;302;0.958614192;C2_0;0;1;M2_1;2.132466318;0
303;303;2.398561042;C2_1;1;0;M2_0;-2.191143251;0
304;304;0.534199475;C2_0;0;0;M2_2;-0.360189313;0
305;305;0.519142691;C2_0;0;0;M2_0;-0.751486126;0
306;306;1.555202972;C2_1;0;0;M2_1;-0.480797599;0
307;307;1.598290997;C2_0;0;0;M2_0;-1.316096179;0
308;308;2.344892899;C2_0;0;0;M2_1;-0.496762298;0
309;309;1.658008985;C2_1;0;1;M2_2;-2.886772083;0
310;310;0.718027386;C2_0;0;0;M2_0;0.172995721;0
311;311;3.002341104;C2_1;0;1;M2_0;-3.50996229;0
312;312;0.39210156;C2_0;0;1;M2_1;0.633169387;0
313;313;1.912866902;C2_0;0;0;M2_2;-1.777239842;0
314;314;-1.140907714;C2_0;1;0;M2_0;0.896365259;0
315;315;1.248171896;C2_1;0;0;M2_1;-1.848927772;0
316;316;1.863080643;C2_1;0;1;M2_2;-4.068943762;0
317;317;1.246928444;C2_0;1;0;M2_1;0.711748081;0
318;318;1.788326103;C2_0;0;1;M2_0;0.255584725;0
319;319;-0.027025788;C2_1;0;1;M2_2;-2.947668201;0
320;320;0.343621356;C2_0;0;0;M2_1;-0.386631866;0
321;321;0.115364295;C2_1;1;1;M2_0;-0.220071074;0
322;322;1.956349371;C2_0;0;0;M2_1;-0.128822854;0
323;323;1.256646843;C2_0;1;0;M2_0;1.457429345;0
324;324;1.239867673;C2_1;1;0;M2_0;-1.101850286;0
325;325;0.687427654;C2_1;0;1;M2_2;-2.949800915;0
326;326;2.751941132;C2_1;0;0;M2_0;-2.522502278;0
327;327;1.738813556;C2_0;0;0;M2_1;1.398385751;0
328;328;-0.414341268;C2_1;1;1;M2_2;-0.984199157;0
329;329;0.884766349;C2_1;0;0;M2_0;-1.899436454;0
330;330;1.460321431;C2_0;0;0;M2_0;1.092759307;0
331;331;0.872356943;C2_1;0;0;M2_0;-3.17261506;0
332;332;2.054120033;C2_1;1;1;M2_2;-1.43419546;0
333;333;1.29077285;C2_1;1;0;M2_2;-2.480523564;0
334;334;1.068196317;C2_0;0;0;M2_0;0.697089703;0
335;335;0.207678358;C2_0;1;0;M2_1;1.342708006;0
336;336;-1.166658599;C2_0;1;1;M2_2;0.724368243;0
337;337;-0.023616259;C2_0;1;0;M2_2;0.291092785;0
338;338;0.469956153;C2_0;1;1;M2_2;-0.496059457;0
339;339;2.315260264;C2_1;1;0;M2_0;-3.62479743;0
340;340;1.123552447;C2_1;1;1;M2_0;-0.114171567;0
341;341;1.357736419;C2_0;0;1;M2_1;1.420412655;1
342;342;3.48843147;C2_1;0;0;M2_0;-2.845809089;0
343;343;0.462376694;C2_0;1;0;M2_2;0.497967018;0
344;344;1.298627069;C2_0;1;0;M2_0;0.237500089;0
345;345;0.569018833;C2_0;1;0;M2_1;1.733224051;0
346;346;1.0477767;C2_0;0;0;M2_0;2.470381783;0
347;347;1.253180014;C2_1;0;0;M2_2;-1.889821929;0
348;348;-1.03898911;C2_1;0;1;M2_1;-1.980557947;0
349;349;2.415728025;C2_0;0;0;M2_0;0.363346227;0
350;350;0.391908301;C2_1;0;1;M2_0;-1.094536503;0
351;351;1.369985047;C2_1;0;1;M2_1;-0.698480118;0
352;352;0.646139655;C2_1;1;1;M2_0;-2.076126203;0
353;353;-0.466373736;C2_1;1;1;M2_2;-1.846897194;0
354;354;1.395108182;C2_0;0;0;M2_1;-0.429200414;0
355;355;-0.023242039;C2_1;1;0;M2_2;-2.007796625;0
356;356;0.970741415;C2_1;0;0;M2_1;-3.883651376;0
357;357;-1.638184575;C2_1;1;1;M2_2;-0.583140156;0
358;358;0.798296521;C2_1;0;1;M2_0;-1.33609354;0
359;359;2.945379449;C2_0;1;0;M2_0;-1.562061787;0
360;360;2.630751211;C2_1;0;0;M2_2;-2.148493171;0
361;361;1.08218601;C2_0;1;1;M2_0;1.38912105;0
362;362;-0.011422709;C2_0;1;1;M2_0;-0.097752416;0
363;363;1.607568435;C2_1;0;0;M2_2;-0.691615403;0
364;364;1.260078324;C2_1;1;1;M2_0;-1.378110404;0
365;365;2.244165316;C2_0;0;0;M2_0;0.929468626;0
366;366;1.742283757;C2_1;0;0;M2_0;-2.006876743;0
367;367;0.137627794;C2_0;1;0;M2_2;1.596153866;0
368;368;0.854745237;C2_0;1;0;M2_1;1.558264084;0
369;369;-0.044446631;C2_0;0;0;M2_2;-0.432289197;0
370;370;0.427094757;C2_1;0;0;M2_2;-2.228027276;0
371;371;1.341089358;C2_0;1;1;M2_0;0.153353662;0
372;372;0.109801165;C2_0;0;0;M2_1;0.679967153;0
373;373;1.251803934;C2_0;1;1;M2_1;1.166758161;0
374;374;-1.836577539;C2_1;0;1;M2_2;-0.283961676;0
375;375;0.542266351;C2_1;1;1;M2_2;-0.842573056;0
376;376;-0.855145109;C2_1;1;1;M2_2;-0.130582619;0
377;377;1.167922472;C2_1;1;1;M2_0;-1.407799581;0
378;378;1.105051893;C2_1;1;1;M2_0;-1.41985459;0
379;379;0.719390919;C2_0;1;0;M2_1;-0.417312653;0
380;380;1.086205637;C2_1;0;1;M2_0;-4.407006899;0
381;381;0.654132092;C2_0;0;0;M2_0;0.88161547;0
382;382;0.659239816;C2_1;0;1;M2_0;-1.711537883;0
383;383;0.695341137;C2_0;0;1;M2_2;0.913654291;0
384;384;0.30207765;C2_0;0;0;M2_1;1.537614564;0
385;385;1.08839541;C2_1;0;0;M2_0;-0.2632566;0
386;386;0.372190075;C2_0;1;0;M2_1;2.127639361;0
387;387;0.135710005;C2_0;1;0;M2_0;2.583882005;0
388;388;1.285933526;C2_0;0;0;M2_0;-0.379223185;0
389;389;2.054885802;C2_0;0;0;M2_1;-1.178377543;0
390;390;2.227685647;C2_0;0;0;M2_1;-0.687140413;0
391;391;1.175349371;C2_0;1;0;M2_1;1.834794024;0
392;392;1.43576878;C2_0;0;1;M2_1;0.008154387;0
393;393;0.856811328;C2_1;0;1;M2_0;-1.351912168;0
394;394;-0.250528503;C2_0;1;1;M2_0;1.689927847;0
395;395;0.362972593;C2_0;0;1;M2_0;0.811496228;0
396;396;0.636771793;C2_0;0;0;M2_0;2.14016001;0
397;397;0.69399448;C2_1;0;0;M2_1;-1.980994851;0
398;398;2.401645556;C2_0;0;0;M2_0;-0.275198179;0
399;399;1.271628414;C2_1;1;0;M2_0;0.801152362;0
400;400;1.576446295;C2_1;1;1;M2_0;-2.548679869;0
401;401;0.098163199;C2_0;1;0;M2_0;1.330666452;0
402;402;1.488417478;C2_0;0;0;M2_0;2.149143715;0
403;403;0.849604639;C2_0;1;0;M2_2;0.765789723;0
404;404;0.242188446;C2_0;0;1;M2_0;1.229008743;0
405;405;1.810223262;C2_1;0;0;M2_0;-3.012608602;0
406;406;0.166232245;C2_0;1;0;M2_2;-0.348881172;0
407;407;3.068173173;C2_0;0;1;M2_0;-0.955971565;0
408;408;0.207137892;C2_0;1;1;M2_2;0.267004816;0
409;409;0.729795769;C2_0;0;1;M2_0;0.027577996;0
410;410;0.165223925;C2_1;1;1;M2_2;-0.865768588;0
411;411;0.709942985;C2_1;0;1;M2_1;-0.837854528;0
412;412;1.316880727;C2_0;1;1;M2_0;1.316450081;0
413;413;-0.327685461;C2_1;0;1;M2_2;-2.210970937;0
414;414;-0.056185908;C2_1;1;1;M2_2;-1.929924258;0
415;415;0.694526286;C2_0;0;0;M2_1;0.565478122;0
416;416;0.513810051;C2_0;1;0;M2_2;1.484857054;0
417;417;2.500057359;C2_0;0;0;M2_0;1.628522368;0
418;418;2.024794623;C2_1;0;1;M2_1;-1.439842483;0
419;419;0.904351837;C2_0;1;0;M2_0;-1.064439578;0
420;420;0.779350303;C2_1;0;1;M2_2;-4.326381558;0
421;421;1.654719554;C2_1;0;1;M2_2;-0.900583247;0
422;422;1.803835061;C2_0;0;0;M2_2;0.141640312;0
423;423;-0.5603651;C2_1;0;1;M2_0;-1.949946037;0
424;424;0.887437086;C2_0;0;0;M2_0;1.274765855;0
425;425;-0.630746229;C2_0;1;1;M2_2;1.149065612;0
426;426;-0.282516441;C2_0;0;0;M2_0;0.919284497;0
427;427;2.103983071;C2_1;1;1;M2_1;-3.126820529;0
428;428;0.090826135;C2_1;0;1;M2_0;-2.752970367;0
429;429;-0.427271531;C2_1;1;0;M2_0;0.811881174;0
430;430;0.9402163;C2_0;0;1;M2_0;0.1555454;0
431;431;0.556726852;C2_0;0;0;M2_1;0.869413011;0
432;432;1.838313379;C2_0;1;1;M2_0;-0.306241706;0
433;433;1.21710905;C2_0;0;0;M2_2;-0.456504844;0
434;434;2.342830824;C2_1;0;0;M2_1;-0.83645327;0
435;435;1.240473864;C2_0;0;1;M2_0;0.570180467;0
436;436;0.239286682;C2_0;0;0;M2_0;0.119895986;0
437;437;1.397681681;C2_0;1;1;M2_0;-0.299913151;1
438;438;1.324660949;C2_1;1;1;M2_2;-1.820110409;0
439;439;2.265218001;C2_1;1;0;M2_1;-1.781711956;0
440;440;1.632101883;C2_0;0;1;M2_0;0.245415796;0
441;441;-0.566591371;C2_0;1;0;M2_1;3.260954752;0
442;442;1.465819164;C2_0;0;1;M2_0;0.344223595;0
443;443;-0.341755331;C2_0;0;1;M2_1;-0.610640218;0
444;444;2.275419056;C2_1;0;0;M2_1;-3.763602953;0
445;445;1.23261421;C2_0;1;1;M2_0;-0.972046969;1
446;446;1.462898853;C2_0;0;1;M2_1;0.326275121;0
447;447;1.220743163;C2_0;1;0;M2_0;0.628889574;0
448;448;2.128006741;C2_0;1;0;M2_2;-0.914430886;0
449;449;0.216697257;C2_0;1;1;M2_1;1.421066609;0
450;450;0.439819009;C2_0;0;1;M2_1;1.224043999;0
451;451;0.6772226;C2_0;0;1;M2_0;0.680749268;0
452;452;-1.321044726;C2_1;1;1;M2_2;-0.727558637;0
453;453;1.070041237;C2_1;0;0;M2_1;-0.281734677;0
454;454;1.682490404;C2_1;0;1;M2_1;-0.118134339;0
455;455;1.89318192;C2_1;0;0;M2_2;-3.944433202;0
456;456;1.605424136;C2_1;1;0;M2_2;-3.35778031;0
457;457;2.585559354;C2_1;1;1;M2_0;-1.630801635;0
458;458;0.8440397;C2_0;0;0;M2_1;0.153456752;0
459;459;1.212195048;C2_0;0;1;M2_1;-1.142242999;0
460;460;0.589937626;C2_0;1;1;M2_0;2.938225353;0
461;461;0.344846998;C2_0;0;0;M2_1;-0.397055339;0
462;462;1.526033269;C2_0;0;0;M2_2;0.387972757;0
463;463;0.728278679;C2_1;1;0;M2_0;-0.660436688;0
464;464;0.52930543;C2_0;1;0;M2_0;0.726457468;0
465;465;0.629293564;C2_1;1;0;M2_2;-2.812947189;0
466;466;-1.716214979;C2_1;0;0;M2_2;-1.63212056;0
467;467;0.547960365;C2_1;1;0;M2_2;-2.097143865;0
468;468;2.277766383;C2_0;0;0;M2_1;0.517379542;0
469;469;0.843967032;C2_1;0;1;M2_1;-1.314826788;0
470;470;0.115810756;C2_1;0;0;M2_0;-1.5134372;0
471;471;1.646501713;C2_0;0;1;M2_0;-0.312986114;0
472;472;0.767158733;C2_1;0;1;M2_1;0.522126708;0
473;473;0.701805177;C2_0;1;0;M2_2;1.407474578;0
474;474;1.030657313;C2_1;0;0;M2_0;-2.833928527;0
475;475;1.373677106;C2_1;1;0;M2_0;-0.838893865;0
476;476;1.712869827;C2_0;1;0;M2_1;2.338704843;0
477;477;0.215886;C2_0;0;0;M2_2;0.769172353;0
478;478;0.638982115;C2_1;1;1;M2_2;0.348506058;0
479;479;2.518568945;C2_1;0;0;M2_0;-1.67972472;0
480;480;1.463001159;C2_0;1;0;M2_2;1.443889696;0
481;481;-0.324678554;C2_1;0;0;M2_2;-2.058022267;0
482;482;-0.589083697;C2_0;1;0;M2_2;1.073862236;0
483;483;1.130563232;C2_1;1;0;M2_0;-0.583500391;0
484;484;1.323765475;C2_0;0;0;M2_0;0.130541276;0
485;485;0.031244118;C2_0;0;1;M2_1;2.110547156;0
486;486;0.389710647;C2_1;1;0;M2_0;-1.136236725;0
487;487;1.174732138;C2_1;0;1;M2_0;-1.327175125;0
488;488;1.279092828;C2_1;0;0;M2_1;0.575949652;0
489;489;1.030126517;C2_1;0;1;M2_0;-2.71336816;0
490;490;-0.147901121;C2_0;1;1;M2_0;2.399044701;0
491;491;0.440741662;C2_0;1;1;M2_1;1.473862801;0
492;492;0.72084434;C2_1;0;0;M2_1;-1.9848582;0
493;493;0.378353061;C2_0;0;0;M2_0;0.181364665;0
494;494;1.316002586;C2_0;0;0;M2_0;0.413828213;0
495;495;-0.61373367;C2_1;1;0;M2_2;1.456448704;0
496;496;1.183214731;C2_0;0;1;M2_1;-0.026221528;0
497;497;1.552333565;C2_1;0;0;M2_0;-0.036928581;0
498;498;-0.296396021;C2_0;1;1;M2_2;-0.596688343;0
499;499;2.706194992;C2_1;1;1;M2_1;-0.409840644;0
500;500;1.182482196;C2_1;0;0;M2_2;-1.075466826;0
501;501;1.001086089;C2_0;0;1;M2_1;1.155009807;0
502;502;0.511883178;C2_0;0;0;M2_1;0.064085086;0
503;503;-1.044687221;C2_1;0;1;M2_0;-0.403856969;0
504;504;-0.07964986;C2_0;0;1;M2_2;1.067553895;0
505;505;-0.539386124;C2_1;1;1;M2_2;-2.314446056;0
506;506;0.968482543;C2_1;0;1;M2_0;0.168686686;0
507;507;-0.226325965;C2_1;1;1;M2_2;-2.101813042;0
508;508;1.082171726;C2_0;0;0;M2_0;2.239424408;0
509;509;0.719711727;C2_0;0;1;M2_1;1.729710623;0
510;510;2.053912299;C2_0;1;0;M2_1;-0.322922918;0
511;511;1.107558966;C2_0;0;0;M2_1;1.063179771;0
512;512;0.574777577;C2_1;1;0;M2_2;-1.763427429;0
513;513;0.572332325;C2_1;1;1;M2_2;-2.25020166;0
514;514;1.69561546;C2_1;1;0;M2_2;-2.425341213;0
515;515;1.637725983;C2_1;0;0;M2_1;-1.429233296;0
516;516;0.148514358;C2_1;1;0;M2_0;-1.069145384;0
517;517;0.65727193;C2_1;0;1;M2_2;-3.467999091;0
518;518;2.546375111;C2_0;0;0;M2_1;0.195653599;0
519;519;1.539344641;C2_0;0;1;M2_0;0.661357539;0
520;520;1.73224662;C2_0;1;0;M2_1;2.321392883;0
521;521;1.036291409;C2_0;1;1;M2_1;0.155389837;0
522;522;1.525026111;C2_1;0;1;M2_1;-1.051772579;0
523;523;-0.700845737;C2_0;1;0;M2_2;1.783375355;0
524;524;1.846557972;C2_0;0;0;M2_0;-1.65701384;0
525;525;0.40626372;C2_1;1;0;M2_1;-0.37715282;0
526;526;1.80252;C2_1;0;0;M2_1;-1.481175123;0
527;527;1.022546232;C2_1;1;1;M2_0;-0.854203271;0
528;528;0.018575263;C2_1;0;1;M2_2;-0.058344927;0
529;529;0.651305852;C2_0;0;0;M2_2;1.974959512;0
530;530;2.224460786;C2_0;0;0;M2_0;0.608783473;0
531;531;-0.886516575;C2_0;1;0;M2_0;0.588069944;0
532;532;-0.301033566;C2_0;1;0;M2_1;1.367257255;0
533;533;1.400853546;C2_0;0;1;M2_0;1.184080256;0
534;534;1.420025911;C2_0;1;0;M2_2;-1.818586556;0
535;535;1.271692843;C2_1;0;0;M2_1;-2.175723881;0
536;536;-1.280160791;C2_0;1;0;M2_0;0.695708379;0
537;537;-0.058049242;C2_0;1;1;M2_2;1.624983132;0
538;538;1.684668998;C2_0;1;0;M2_2;-0.33683137;0
539;539;0.415022615;C2_1;1;1;M2_0;1.227411315;0
540;540;2.219755415;C2_1;0;1;M2_0;-1.421288238;0
541;541;0.558037219;C2_0;0;1;M2_2;-0.680260408;0
542;542;0.538340037;C2_1;1;1;M2_2;-1.555941053;0
543;543;0.786983937;C2_0;1;1;M2_0;-0.011695393;0
544;544;-0.583969998;C2_1;0;1;M2_2;-2.076810715;0
545;545;1.456879114;C2_0;1;0;M2_1;0.88883489;0
546;546;1.845309942;C2_0;0;0;M2_0;2.996487327;0
547;547;2.208508536;C2_0;0;0;M2_1;1.224730951;0
548;548;1.750886161;C2_0;1;1;M2_0;1.424373152;0
549;549;-0.485185987;C2_0;1;0;M2_0;2.063324727;0
550;550;0.701129187;C2_1;1;0;M2_2;-1.009867218;0
551;551;-0.299867162;C2_1;0;0;M2_2;-0.27870678;0
552;552;0.82583716;C2_1;1;0;M2_1;0.452376154;0
553;553;-0.468481163;C2_0;0;1;M2_1;1.296338248;0
554;554;0.660507863;C2_1;0;1;M2_0;-0.272553886;0
555;555;1.41123151;C2_0;0;0;M2_0;1.013488524;0
556;556;2.094553281;C2_0;0;0;M2_2;-1.55918682;0
557;557;0.577602545;C2_0;0;0;M2_1;-0.220120737;0
558;558;1.777019275;C2_0;1;0;M2_2;0.470714146;0
559;559;1.017714291;C2_0;1;1;M2_0;0.761940937;0
560;560;1.330358301;C2_1;0;0;M2_0;-1.333974707;0
561;561;1.10537615;C2_0;1;1;M2_1;2.196381759;0
562;562;1.06559789;C2_1;1;0;M2_2;-0.607804754;0
563;563;2.294485097;C2_1;1;0;M2_0;-0.480824403;0
564;564;1.774737152;C2_1;0;1;M2_2;-2.488918096;0
565;565;1.232713117;C2_0;0;1;M2_2;0.079592131;0
566;566;0.783977749;C2_0;1;1;M2_2;1.100822212;0
567;567;1.70883214;C2_0;0;0;M2_0;0.386945845;0
568;568;-0.04204641;C2_0;1;1;M2_1;1.649276133;0
569;569;1.393211897;C2_0;0;0;M2_0;1.092553231;0
570;570;1.405127255;C2_1;0;0;M2_1;-1.455572961;0
571;571;1.973102588;C2_0;0;0;M2_2;-0.045904979;0
572;572;-1.005483381;C2_0;0;1;M2_2;1.053775972;0
573;573;0.824582533;C2_0;0;0;M2_1;1.718906898;0
574;574;1.158007922;C2_0;0;0;M2_1;-0.193889991;0
575;575;1.996388783;C2_1;0;1;M2_0;-2.58721901;0
576;576;1.079440659;C2_1;1;1;M2_1;-1.020569858;0
577;577;-0.2409455;C2_0;0;1;M2_2;3.255464155;0
578;578;0.839746705;C2_0;0;0;M2_0;-0.869531132;0
579;579;1.927408269;C2_0;0;0;M2_0;-0.673967281;0
580;580;-0.873452989;C2_0;1;1;M2_1;3.769720368;0
581;581;-1.156985749;C2_0;0;1;M2_2;1.226602464;0
582;582;1.368449712;C2_1;0;0;M2_1;-0.922943518;0
583;583;0.263708063;C2_0;0;1;M2_0;1.620167291;0
584;584;1.137237996;C2_1;0;1;M2_2;-3.1257619;0
585;585;0.98378979;C2_0;0;0;M2_2;1.066884265;0
586;586;0.885956585;C2_1;1;1;M2_1;0.437409847;0
587;587;2.007736789;C2_0;1;0;M2_1;1.776598557;0
588;588;2.769725748;C2_0;0;0;M2_1;0.274857406;0
589;589;2.291925061;C2_1;0;0;M2_0;-2.692987313;0
590;590;1.923635025;C2_1;1;0;M2_0;-2.78024175;0
591;591;3.276188693;C2_0;0;0;M2_1;1.327926781;0
592;592;1.388438205;C2_1;0;1;M2_1;0.103526395;0
593;593;1.895823063;C2_0;0;0;M2_0;-0.516781982;0
594;594;0.753101128;C2_0;1;0;M2_2;-1.541664132;0
595;595;1.914396262;C2_0;0;0;M2_0;-0.455945444;0
596;596;0.996280567;C2_0;0;1;M2_1;1.364732136;0
597;597;0.478674683;C2_0;1;0;M2_2;1.117607543;0
598;598;1.251768288;C2_0;1;1;M2_2;0.165198668;0
599;599;0.343896198;C2_1;0;1;M2_0;-1.26183275;0
600;600;1.022212096;C2_0;1;1;M2_0;0.120226698;0
601;601;-0.350700503;C2_1;1;0;M2_1;-0.106784731;0
602;602;0.099798646;C2_0;1;1;M2_0;0.691508494;0
603;603;1.601862361;C2_0;1;1;M2_0;0.157704122;1
604;604;1.902002527;C2_1;0;1;M2_2;-1.853301299;0
605;605;1.978523478;C2_0;1;0;M2_1;1.047762472;0
606;606;1.797576054;C2_0;1;1;M2_2;1.271906321;0
607;607;0.300517408;C2_0;1;1;M2_1;2.424205128;0
608;608;1.07449537;C2_1;0;1;M2_1;-1.007403558;0
609;609;-0.246916117;C2_0;1;1;M2_0;2.299357983;0
610;610;0.438345135;C2_1;0;1;M2_0;-0.627855946;0
611;611;0.219496625;C2_1;1;0;M2_2;-2.221226585;0
612;612;0.806458019;C2_0;1;0;M2_2;1.630412541;0
613;613;-0.004383185;C2_0;1;1;M2_2;1.987015599;0
614;614;-0.062564524;C2_1;0;0;M2_2;-1.755912031;0
615;615;0.522748753;C2_1;1;0;M2_2;-1.18291829;0
616;616;0.845020038;C2_0;1;0;M2_0;0.909916996;0
617;617;0.37261729;C2_0;1;0;M2_0;-0.584961857;0
618;618;1.705683016;C2_0;0;0;M2_0;1.045614543;0
619;619;1.190725612;C2_1;0;1;M2_2;-1.680821032;0
620;620;-0.598262225;C2_0;1;1;M2_2;1.438041594;0
621;621;1.671156567;C2_0;0;0;M2_2;0.315033031;0
622;622;1.474264929;C2_0;0;0;M2_2;0.327950402;0
623;623;1.514577003;C2_0;0;0;M2_0;-0.071886554;0
624;624;4.560142384;C2_0;0;1;M2_0;0.68757473;0
625;625;2.157475484;C2_1;1;0;M2_0;-2.181945086;0
626;626;-0.253455291;C2_1;1;1;M2_0;0.221243492;0
627;627;0.65018578;C2_0;1;1;M2_2;4.602760325;0
628;628;1.421329528;C2_0;0;0;M2_2;0.00152801;0
629;629;1.09642816;C2_1;0;1;M2_0;-1.891643575;0
630;630;0.884616906;C2_0;0;1;M2_2;-0.197201703;0
631;631;2.782946414;C2_0;1;0;M2_0;2.370608859;0
632;632;3.636079777;C2_0;1;0;M2_0;-0.749583837;0
633;633;-0.031522674;C2_0;1;1;M2_2;2.508865251;0
634;634;-0.056486017;C2_0;1;0;M2_1;2.431407249;0
635;635;0.341094099;C2_1;0;1;M2_2;-0.158459732;0
636;636;1.33861466;C2_0;1;1;M2_0;-0.840016359;0
637;637;1.851152365;C2_0;0;0;M2_0;-1.093234141;0
638;638;1.730617421;C2_1;0;0;M2_0;-2.416522694;0
639;639;0.465241382;C2_1;1;1;M2_2;-0.008912155;0
640;640;1.530183762;C2_0;0;0;M2_1;-0.354373005;0
641;641;0.30810469;C2_0;0;0;M2_2;0.31101801;0
642;642;-0.364829312;C2_1;1;0;M2_2;-1.704756757;0
643;643;0.762952167;C2_0;1;1;M2_0;0.547988919;0
644;644;1.580372933;C2_1;0;1;M2_0;-1.19753215;0
645;645;-0.026624941;C2_0;1;0;M2_2;2.003473688;0
646;646;2.340542987;C2_1;0;0;M2_0;-1.436150517;0
647;647;1.395254303;C2_0;1;1;M2_1;1.564144351;0
648;648;2.559797136;C2_0;0;1;M2_0;-0.183743135;0
649;649;0.290916554;C2_1;0;1;M2_2;-2.680767675;0
650;650;-0.026728674;C2_1;0;1;M2_2;-1.644922765;0
651;651;0.850106795;C2_1;0;1;M2_0;0.420063085;0
652;652;0.335178211;C2_0;1;1;M2_2;2.213021953;0
653;653;1.523957415;C2_0;0;1;M2_0;-0.17126903;0
654;654;1.34217905;C2_1;1;0;M2_2;0.109967164;0
655;655;0.705098013;C2_1;0;0;M2_0;-1.320021106;0
656;656;-0.057133636;C2_0;0;0;M2_2;0.41776572;0
657;657;0.403302388;C2_1;1;0;M2_2;-1.519175788;0
658;658;1.964167611;C2_0;1;1;M2_0;0.179380526;0
659;659;0.533765104;C2_0;1;0;M2_1;0.999347873;0
660;660;-0.839558172;C2_0;1;1;M2_1;2.144263298;0
661;661;2.406168317;C2_0;1;1;M2_1;0.447152392;1
662;662;1.267813909;C2_0;0;0;M2_2;0.801029559;0
663;663;2.295651577;C2_0;0;0;M2_0;-0.084584857;0
664;664;-0.773167869;C2_0;0;1;M2_2;0.004859227;0
665;665;-0.409368413;C2_1;1;1;M2_2;-1.013615276;0
666;666;0.432621685;C2_0;1;0;M2_1;1.532567094;0
667;667;-0.230671101;C2_0;1;0;M2_2;-0.254883292;0
668;668;1.164578282;C2_1;1;1;M2_1;-2.899086832;0
669;669;0.863877161;C2_0;1;0;M2_0;1.508308721;0
670;670;1.206718214;C2_0;1;0;M2_0;1.096337944;0
671;671;-0.255934089;C2_0;0;0;M2_0;0.561768952;0
672;672;0.033847289;C2_0;0;1;M2_2;0.657675181;0
673;673;0.857864793;C2_0;1;0;M2_1;1.227415772;0
674;674;-1.031409667;C2_0;1;1;M2_2;0.73983778;0
675;675;0.370077701;C2_1;1;1;M2_1;-2.194221356;0
676;676;1.245703613;C2_1;0;1;M2_0;-2.366687426;0
677;677;0.253551633;C2_0;0;1;M2_0;1.853722389;0
678;678;1.062123027;C2_1;0;1;M2_0;-1.47433414;0
679;679;1.285394309;C2_0;0;0;M2_0;-0.170511986;0
680;680;1.433573948;C2_1;0;0;M2_1;-3.619765121;0
681;681;0.100438667;C2_1;1;0;M2_0;-0.727886354;0
682;682;0.603288346;C2_0;1;1;M2_2;0.070293641;0
683;683;-0.074139853;C2_1;1;1;M2_2;-1.709662297;0
684;684;0.429733121;C2_0;0;0;M2_1;0.242763312;0
685;685;0.807961363;C2_1;0;1;M2_0;-1.442352858;0
686;686;0.304340498;C2_1;1;1;M2_2;-1.107586752;0
687;687;0.916522257;C2_1;1;0;M2_0;-0.704346578;0
688;688;0.371211985;C2_0;0;1;M2_1;0.254893937;0
689;689;2.000552606;C2_1;1;0;M2_0;-2.125748179;0
690;690;-1.293489725;C2_0;1;1;M2_2;2.348225259;0
691;691;0.007777306;C2_1;0;1;M2_1;0.613033918;0
692;692;0.674300368;C2_0;1;0;M2_0;0.225323964;0
693;693;1.76402139;C2_1;0;0;M2_1;-1.091281801;0
694;694;0.111142324;C2_0;1;1;M2_1;1.654267877;0
695;695;1.938743212;C2_0;0;0;M2_0;-1.008020223;0
696;696;1.536301327;C2_1;0;0;M2_0;-1.216127913;0
697;697;-0.12437135;C2_0;0;0;M2_2;-1.789705912;0
698;698;1.341840461;C2_0;0;1;M2_1;1.03172091;0
699;699;-0.056547405;C2_1;0;1;M2_1;-0.462637071;0
700;700;1.116804857;C2_1;1;0;M2_0;-1.715546597;0
701;701;1.725201104;C2_0;1;0;M2_0;0.715142514;0
702;702;3.045576547;C2_0;0;0;M2_0;0.317325797;0
703;703;2.280393246;C2_1;1;0;M2_1;-3.680525658;0
704;704;1.486279981;C2_1;0;0;M2_1;-1.069956159;0
705;705;-0.21528807;C2_0;1;1;M2_2;2.116494601;0
706;706;2.616597031;C2_0;1;1;M2_0;-0.763869389;0
707;707;0.212396276;C2_0;0;0;M2_2;0.009871884;0
708;708;0.26951931;C2_0;0;0;M2_0;0.154476039;0
709;709;1.258770967;C2_1;0;1;M2_0;-2.734821598;0
710;710;2.788958826;C2_0;0;0;M2_0;0.112452173;0
711;711;1.679261302;C2_0;0;0;M2_1;0.723385054;0
712;712;-0.515481394;C2_0;1;1;M2_2;-0.605946136;0
713;713;-0.901986893;C2_0;0;1;M2_1;1.794162983;0
714;714;1.390541516;C2_1;0;0;M2_1;-1.672164483;0
715;715;1.339520192;C2_1;0;0;M2_1;-1.542333197;0
716;716;1.262662837;C2_0;0;0;M2_0;0.196233398;0
717;717;2.967539745;C2_0;0;0;M2_0;1.407281226;0
718;718;0.506397402;C2_1;0;1;M2_2;-1.484333335;0
719;719;0.324877672;C2_1;1;0;M2_2;-1.894046957;0
720;720;1.318275301;C2_0;0;0;M2_1;1.212238388;0
721;721;3.37176496;C2_0;0;0;M2_0;-0.171009075;0
722;722;0.58721824;C2_0;0;1;M2_2;0.255258922;0
723;723;0.142512813;C2_0;0;1;M2_0;0.287166645;0
724;724;0.840261409;C2_1;1;1;M2_0;-1.711165263;0
725;725;1.774501695;C2_0;1;0;M2_1;0.448338962;0
726;726;1.748576841;C2_0;0;0;M2_1;2.511988357;0
727;727;1.050369789;C2_1;1;0;M2_2;-1.594233482;0
728;728;1.415925511;C2_0;1;0;M2_0;-0.826904879;0
729;729;-1.049688922;C2_1;1;1;M2_2;-1.488636303;0
730;730;2.462184275;C2_1;0;0;M2_1;-1.263397504;0
731;731;0.029550233;C2_0;0;0;M2_2;0.702133333;0
732;732;1.349005934;C2_1;0;0;M2_1;-2.946389908;0
733;733;1.653017628;C2_1;0;1;M2_0;-0.681873308;0
734;734;-0.250586553;C2_1;1;0;M2_0;-0.908666681;0
735;735;0.649714621;C2_1;1;1;M2_2;-2.735012661;0
736;736;0.618918831;C2_1;0;1;M2_0;-2.330932276;0
737;737;1.774379276;C2_1;0;0;M2_0;-0.968362824;0
738;738;0.262297546;C2_0;0;1;M2_1;0.293997625;0
739;739;-0.137662188;C2_0;0;1;M2_1;0.795303153;0
740;740;0.996703969;C2_0;0;0;M2_0;-1.181629832;0
741;741;0.121922881;C2_0;1;1;M2_1;1.171346365;0
742;742;0.552178237;C2_0;1;1;M2_2;2.174437156;0
743;743;1.447520883;C2_0;1;1;M2_1;2.34819686;0
744;744;0.913858663;C2_0;0;0;M2_1;-0.896588452;0
745;745;2.718932583;C2_0;0;0;M2_0;-1.353419312;0
746;746;0.206122717;C2_1;1;0;M2_0;0.364415201;0
747;747;1.944886822;C2_1;0;0;M2_0;-2.109172178;0
748;748;0.577409625;C2_1;0;0;M2_0;-1.629720642;0
749;749;3.04136922;C2_0;0;0;M2_0;-0.602609095;0
750;750;2.20694962;C2_1;0;0;M2_1;-0.424545769;0
751;751;0.127705779;C2_0;1;0;M2_1;2.378310248;0
752;752;0.951950426;C2_1;1;1;M2_1;-1.221459688;0
753;753;2.578579167;C2_0;0;0;M2_1;1.566927179;0
754;754;0.78831369;C2_1;1;1;M2_2;1.373226303;0
755;755;-0.554270344;C2_0;0;1;M2_2;1.608675715;0
756;756;1.177140848;C2_1;0;0;M2_0;-3.796485638;0
757;757;0.329815233;C2_1;1;0;M2_2;-2.783009057;0
758;758;1.966326157;C2_0;0;0;M2_1;-0.741104373;0
759;759;1.220056433;C2_1;0;0;M2_2;-4.451579338;0
760;760;1.959477786;C2_0;1;0;M2_1;0.752893283;0
761;761;0.648798685;C2_0;0;1;M2_1;1.724375002;0
762;762;0.415397872;C2_1;0;0;M2_1;1.966943476;0
763;763;-0.130246068;C2_0;0;1;M2_2;-1.277040427;0
764;764;0.913940086;C2_1;0;1;M2_0;-0.700514103;0
765;765;2.228135908;C2_0;1;1;M2_1;1.521234747;0
766;766;1.000783747;C2_0;1;0;M2_1;0.416192423;0
767;767;0.448716285;C2_0;0;1;M2_0;0.593891162;0
768;768;0.010997729;C2_0;1;0;M2_2;0.219324163;0
769;769;0.899510581;C2_0;1;0;M2_2;1.558607388;0
770;770;1.520314276;C2_0;1;1;M2_2;2.266590742;0
771;771;0.484023921;C2_1;0;0;M2_1;0.328079859;0
772;772;0.673665504;C2_1;1;1;M2_1;-1.206286483;0
773;773;1.278165188;C2_1;0;0;M2_2;-1.271645515;0
774;774;0.167180178;C2_1;0;1;M2_0;-1.849119457;0
775;775;-0.294440812;C2_1;1;0;M2_2;-1.836526155;0
776;776;1.582941225;C2_0;1;0;M2_0;0.833510029;0
777;777;0.54236938;C2_0;0;0;M2_0;1.444097693;0
778;778;0.698050707;C2_0;0;1;M2_0;0.063130054;0
779;779;0.478585457;C2_1;0;0;M2_1;-0.659402831;0
780;780;0.04271988;C2_0;1;0;M2_0;0.306960431;0
781;781;0.082801193;C2_0;0;1;M2_2;-0.084422882;0
782;782;0.802621277;C2_0;1;1;M2_0;-0.248071676;0
783;783;-0.058862906;C2_0;0;0;M2_0;0.411842942;0
784;784;0.653343117;C2_1;0;1;M2_1;-0.597504969;0
785;785;1.166074909;C2_0;0;0;M2_0;0.487470889;0
786;786;2.699960942;C2_0;0;0;M2_0;0.646800121;0
787;787;2.121081848;C2_0;1;1;M2_1;0.02654182;0
788;788;0.803053558;C2_1;1;1;M2_1;-1.716020385;0
789;789;1.212137441;C2_0;0;1;M2_1;0.940603217;0
790;790;2.435504284;C2_1;0;1;M2_0;-3.080615494;0
791;791;1.098295674;C2_0;0;1;M2_0;0.260490328;0
792;792;3.37811014;C2_1;0;0;M2_0;-4.191140793;0
793;793;3.102384236;C2_1;0;0;M2_0;-1.802768758;0
794;794;2.359633927;C2_0;0;0;M2_1;1.072974782;0
795;795;1.099916305;C2_1;1;0;M2_1;-1.517800424;0
796;796;3.33959278;C2_0;0;0;M2_0;1.344536735;0
797;797;1.398822262;C2_0;0;0;M2_0;-1.032460377;0
798;798;-0.205378979;C2_1;0;0;M2_0;-1.891925001;0
799;799;2.077072177;C2_1;1;0;M2_0;-1.911632556;0
800;800;-0.009071682;C2_0;0;0;M2_2;-0.153650211;0
801;801;1.425117705;C2_0;0;1;M2_0;0.005845971;0
802;802;-0.907987672;C2_0;0;0;M2_0;1.031917539;0
803;803;2.597952003;C2_0;0;1;M2_0;-0.03716891;0
804;804;2.084227432;C2_1;1;0;M2_2;-2.339820682;0
805;805;0.998685861;C2_1;1;1;M2_2;-0.785567317;0
806;806;-0.064165462;C2_0;1;0;M2_0;1.118723731;0
807;807;0.747423966;C2_0;0;0;M2_0;1.207283778;0
808;808;2.774717222;C2_1;0;0;M2_1;0.531518113;0
809;809;0.554801094;C2_1;1;0;M2_2;-1.681509007;0
810;810;1.338756158;C2_0;0;0;M2_1;-1.157027451;0
811;811;-0.656056718;C2_1;1;1;M2_2;-0.030047612;0
812;812;-0.442172236;C2_0;0;0;M2_2;0.139512737;0
813;813;2.169257254;C2_1;0;1;M2_0;-2.092193686;0
814;814;2.197499095;C2_0;0;1;M2_0;-0.715587368;0
815;815;1.498951591;C2_0;1;0;M2_1;2.370152289;0
816;816;1.265956491;C2_0;0;1;M2_0;1.211924661;0
817;817;-0.368780579;C2_0;1;0;M2_2;-0.403785326;0
818;818;1.366012548;C2_1;0;0;M2_2;-2.532908166;0
819;819;0.377375407;C2_0;1;1;M2_0;1.028982457;0
820;820;1.708422015;C2_1;0;1;M2_0;-3.014523932;0
821;821;1.633347292;C2_0;0;1;M2_0;-0.833104534;0
822;822;1.004405361;C2_1;0;1;M2_1;1.50189982;0
823;823;2.268547102;C2_0;0;0;M2_0;0.029541344;0
824;824;1.286499757;C2_0;0;0;M2_1;1.634282046;0
825;825;0.692931355;C2_0;0;1;M2_0;-0.703888345;0
826;826;1.086140782;C2_1;1;0;M2_1;-1.021641141;0
827;827;-0.897884378;C2_1;1;1;M2_2;1.02164934;0
828;828;-1.618906265;C2_1;1;1;M2_1;1.1760614;0
829;829;1.213129084;C2_1;1;0;M2_0;-1.402474862;0
830;830;1.367508955;C2_1;0;0;M2_1;-1.525350984;0
831;831;2.163752509;C2_0;0;0;M2_0;-1.43405972;0
832;832;-0.049877764;C2_0;1;1;M2_1;1.965933157;0
833;833;1.019881502;C2_1;1;0;M2_1;-1.317180334;0
834;834;-1.28789387;C2_1;0;0;M2_2;-2.51891061;0
835;835;1.512524145;C2_1;0;0;M2_1;-1.408625804;0
836;836;0.28910113;C2_0;1;0;M2_1;1.332034229;0
837;837;0.543178408;C2_0;0;1;M2_1;0.071813371;0
838;838;1.871477174;C2_1;0;1;M2_1;-2.272128268;0
839;839;2.928948696;C2_1;0;1;M2_0;-2.350508566;0
840;840;1.685630351;C2_0;0;1;M2_0;-0.135110689;0
841;841;0.714637809;C2_1;0;1;M2_2;-4.170133749;0
842;842;0.013829366;C2_0;0;1;M2_0;0.565048359;0
843;843;1.020242247;C2_0;1;1;M2_0;0.206564318;0
844;844;1.048407091;C2_0;0;1;M2_1;0.695115722;0
845;845;2.467856322;C2_1;0;0;M2_2;-3.400734264;0
846;846;2.267010203;C2_0;0;0;M2_0;-0.407063629;0
847;847;0.546762647;C2_0;0;1;M2_1;1.176774915;0
848;848;1.768698815;C2_1;0;0;M2_1;-2.205519898;0
849;849;0.73368604;C2_0;1;1;M2_0;2.081323434;0
850;850;1.325467827;C2_0;1;0;M2_1;0.649049119;0
851;851;2.079653123;C2_1;1;1;M2_0;-2.312514162;0
852;852;-1.558281063;C2_0;1;1;M2_2;1.477477824;0
853;853;0.656955772;C2_0;0;1;M2_0;0.463319901;0
854;854;2.374416142;C2_0;0;1;M2_2;-1.852451373;0
855;855;1.529748442;C2_0;1;0;M2_1;1.311313191;0
856;856;2.85910961;C2_1;0;0;M2_0;-0.941090301;0
857;857;1.954226999;C2_1;1;0;M2_0;-2.136171078;0
858;858;1.578466426;C2_1;1;1;M2_0;-0.97470707;0
859;859;1.455582517;C2_0;1;0;M2_1;0.996484635;0
860;860;0.43765824;C2_1;0;0;M2_1;-0.638918835;0
861;861;-0.068131334;C2_0;1;0;M2_0;0.90255603;0
862;862;-0.072646768;C2_0;0;0;M2_1;3.388545114;0
863;863;1.994310241;C2_0;0;0;M2_1;0.534154645;0
864;864;1.84073698;C2_0;1;1;M2_1;0.314210412;0
865;865;-0.38810528;C2_0;0;0;M2_1;0.476212615;0
866;866;2.182619716;C2_1;0;1;M2_1;-1.534601901;0
867;867;-0.225774298;C2_1;0;1;M2_2;0.030314054;0
868;868;3.635145316;C2_0;1;0;M2_0;-1.315657423;0
869;869;2.537789938;C2_1;1;0;M2_2;-1.670897455;0
870;870;1.243779523;C2_1;0;1;M2_0;-2.406444853;0
871;871;0.790583114;C2_0;0;1;M2_0;-0.896596996;0
872;872;1.16637634;C2_1;1;1;M2_1;-2.119725573;0
873;873;1.438023255;C2_0;0;1;M2_0;1.463696125;0
874;874;1.105545018;C2_1;0;1;M2_1;-1.26715249;0
875;875;1.185112682;C2_0;0;1;M2_0;-1.026077495;0
876;876;0.820675402;C2_0;1;0;M2_1;0.335421568;0
877;877;2.264173668;C2_0;0;1;M2_0;-0.712298371;0
878;878;1.073769765;C2_0;0;0;M2_2;1.143608922;0
879;879;1.489563388;C2_1;0;0;M2_0;-2.152496986;0
880;880;2.218997639;C2_0;0;0;M2_0;0.989734936;0
881;881;0.895406908;C2_1;0;0;M2_1;-0.894455448;0
882;882;-0.777633539;C2_0;0;0;M2_2;-1.733096462;0
883;883;0.646134893;C2_0;0;1;M2_0;-0.016872125;0
884;884;1.837801746;C2_1;0;0;M2_0;-2.988565904;0
885;885;3.047500832;C2_1;0;1;M2_0;-2.155934603;0
886;886;0.915542657;C2_0;0;1;M2_1;0.94063164;0
887;887;0.102863368;C2_1;0;1;M2_2;-2.063399188;0
888;888;-0.091991785;C2_0;0;1;M2_2;-0.191443598;0
889;889;-0.310725854;C2_0;0;1;M2_2;3.204418994;0
890;890;1.397160263;C2_0;1;0;M2_0;1.955997375;0
891;891;1.283961917;C2_1;0;1;M2_2;-2.101996454;0
892;892;-0.341019401;C2_0;1;1;M2_2;0.116246381;0
893;893;1.438108748;C2_1;1;0;M2_1;-0.518923202;0
894;894;0.064284023;C2_0;1;1;M2_2;1.584242239;0
895;895;0.642259858;C2_1;1;1;M2_0;-1.050800495;0
896;896;1.047567704;C2_0;1;1;M2_1;0.340265184;0
897;897;0.974788758;C2_1;0;1;M2_2;-0.563781311;0
898;898;0.212638994;C2_0;0;0;M2_0;0.352636635;0
899;899;1.300555723;C2_0;0;0;M2_0;-0.410820551;0
900;900;0.701675661;C2_0;1;0;M2_2;1.532890771;0
901;901;1.286306165;C2_1;0;0;M2_0;-1.601587751;0
902;902;0.327996255;C2_0;1;1;M2_1;1.347018314;0
903;903;0.040433721;C2_0;1;1;M2_0;0.62078568;0
904;904;0.138403378;C2_0;1;1;M2_2;0.556368961;0
905;905;1.495365614;C2_0;1;1;M2_0;2.067636059;0
906;906;1.537152288;C2_1;0;1;M2_1;-0.233279139;0
907;907;0.810544517;C2_1;1;1;M2_1;-1.070202145;0
908;908;1.308035788;C2_1;0;0;M2_0;-2.499618809;0
909;909;3.241910479;C2_0;0;0;M2_0;0.03648708;0
910;910;-0.097150107;C2_1;1;1;M2_0;0.391286072;0
911;911;0.195928877;C2_0;0;0;M2_2;-0.224978713;0
912;912;1.045037681;C2_0;0;0;M2_2;0.699978326;0
913;913;-0.863972409;C2_1;0;1;M2_1;0.559626038;0
914;914;0.056723813;C2_1;1;1;M2_2;-0.419894347;0
915;915;2.63516202;C2_1;0;0;M2_0;-4.493106669;0
916;916;2.690010631;C2_0;0;1;M2_0;-2.13913172;0
917;917;-0.423363587;C2_0;1;1;M2_1;0.099033233;0
918;918;0.33349447;C2_0;0;1;M2_0;-1.606616508;0
919;919;1.841205794;C2_1;0;0;M2_0;-3.252916178;0
920;920;1.513122743;C2_0;0;0;M2_0;-0.47786884;0
921;921;0.781513926;C2_0;0;0;M2_2;0.894120332;0
922;922;1.50275507;C2_1;1;1;M2_2;-1.988180396;0
923;923;0.594622918;C2_0;0;1;M2_1;1.804264773;0
924;924;2.389788771;C2_0;0;0;M2_0;0.060601094;0
925;925;0.431973538;C2_1;1;1;M2_2;-2.096595034;0
926;926;1.281268623;C2_0;0;1;M2_0;-0.425379223;0
927;927;-0.154415512;C2_1;1;1;M2_2;-1.888190644;0
928;928;0.402469938;C2_1;1;1;M2_1;1.216241342;0
929;929;1.362089423;C2_0;1;0;M2_1;0.590909308;0
930;930;0.529263521;C2_0;0;1;M2_2;-0.697020872;0
931;931;2.427863444;C2_1;0;0;M2_0;-3.623434852;0
932;932;-0.382125228;C2_1;1;0;M2_2;1.440536369;0
933;933;2.052125657;C2_0;0;0;M2_0;-0.640783846;0
934;934;2.063056475;C2_0;0;0;M2_0;0.711964255;0
935;935;2.85314795;C2_0;0;0;M2_0;-0.551102699;0
936;936;1.474052955;C2_1;0;0;M2_0;-1.684118422;0
937;937;3.143290506;C2_1;0;0;M2_0;-0.290076882;0
938;938;1.100070604;C2_0;1;1;M2_2;-1.115398998;0
939;939;1.981665384;C2_1;0;0;M2_2;-2.913302872;0
940;940;1.798401567;C2_0;0;1;M2_1;1.077468476;0
941;941;0.772443297;C2_0;1;0;M2_0;1.269081392;0
942;942;1.596959747;C2_0;0;0;M2_1;-1.704382643;0
943;943;-0.603760767;C2_1;0;0;M2_1;0.324210732;0
944;944;1.598058838;C2_0;0;1;M2_0;0.790432058;0
945;945;0.404126531;C2_1;0;1;M2_0;-1.304404771;0
946;946;0.054984195;C2_0;1;0;M2_1;1.903495156;0
947;947;1.218550245;C2_0;1;0;M2_1;2.919901371;0
948;948;1.708424116;C2_0;0;0;M2_1;-0.81384859;0
949;949;1.86086757;C2_0;0;0;M2_1;1.379522331;0
950;950;1.38475547;C2_0;1;1;M2_2;1.085084766;0
951;951;2.428002291;C2_1;0;0;M2_0;-1.794250626;0
952;952;0.80397724;C2_0;1;1;M2_2;0.999448332;0
953;953;2.238354828;C2_1;1;0;M2_2;-2.770692587;0
954;954;0.797234852;C2_0;1;1;M2_2;0.655074329;0
955;955;1.692561395;C2_1;0;0;M2_0;-3.304049292;0
956;956;1.546797411;C2_1;1;1;M2_1;0.930290492;0
957;957;-1.219289442;C2_0;0;0;M2_2;-0.325110651;0
958;958;1.889889919;C2_1;0;0;M2_1;-1.523447651;0
959;959;0.870166148;C2_0;0;0;M2_0;-0.420733505;0
960;960;0.542701509;C2_1;1;1;M2_0;-0.732831375;0
961;961;-0.749605066;C2_0;1;1;M2_1;1.938841365;0
962;962;1.991794065;C2_0;1;0;M2_0;-1.201644114;0
963;963;0.577421837;C2_1;1;0;M2_0;0.096464698;0
964;964;0.350371778;C2_0;1;0;M2_1;0.046151505;0
965;965;1.195659923;C2_0;0;0;M2_0;-0.533301345;0
966;966;1.902644111;C2_0;0;0;M2_2;-1.159196985;0
967;967;0.907617231;C2_1;0;1;M2_0;-0.217822719;0
968;968;1.483072481;C2_0;1;1;M2_0;1.168063181;0
969;969;-0.196241248;C2_0;1;0;M2_2;0.033739093;0
970;970;1.88263139;C2_0;1;0;M2_0;0.670458824;0
971;971;0.267999208;C2_0;1;0;M2_2;-1.163876032;0
972;972;1.393748632;C2_0;1;1;M2_2;0.297544131;0
973;973;1.494184342;C2_1;0;1;M2_2;-0.897896433;0
974;974;2.826189069;C2_0;0;0;M2_0;-3.339873972;0
975;975;2.35801816;C2_1;1;0;M2_0;-1.836905356;0
976;976;2.427357338;C2_0;0;0;M2_0;0.526531436;0
977;977;1.987518697;C2_0;1;1;M2_0;0.959014063;0
978;978;2.370525001;C2_0;0;0;M2_0;-0.171699946;0
979;979;1.145264028;C2_1;1;1;M2_1;-0.032360637;0
980;980;0.542102406;C2_1;1;0;M2_0;0.362930761;0
981;981;0.099551343;C2_0;1;1;M2_0;1.87148541;0
982;982;-0.268160791;C2_0;1;0;M2_0;1.552679889;0
983;983;0.36254421;C2_1;0;0;M2_1;-2.229907541;0
984;984;1.562753772;C2_1;1;1;M2_0;-1.778281799;0
985;985;-0.054034679;C2_0;1;1;M2_2;-0.184081506;0
986;986;1.012865283;C2_0;1;1;M2_0;0.443397817;0
987;987;2.205586565;C2_1;1;0;M2_0;-1.687846417;0
988;988;0.347918143;C2_1;0;1;M2_2;-1.98865058;0
989;989;-0.019957805;C2_0;1;1;M2_2;-0.223934696;1
990;990;0.72256617;C2_0;1;0;M2_0;0.966750074;0
991;991;-0.79912339;C2_1;0;1;M2_2;-2.297471395;0
992;992;0.514923396;C2_0;1;1;M2_1;1.878154377;0
993;993;0.541027038;C2_0;0;0;M2_2;0.858559223;0
994;994;1.073657782;C2_1;0;0;M2_2;-1.294200907;0
995;995;1.088182427;C2_0;0;1;M2_1;0.372702413;0
996;996;1.757104894;C2_0;0;0;M2_2;-0.59782291;0
997;997;1.071983577;C2_0;0;0;M2_0;1.333129494;0
998;998;0.282460609;C2_0;1;0;M2_0;0.580284972;0
999;999;-0.084832644;C2_0;0;1;M2_2;-1.237150775;0
1000;1000;2.972522233;C2_1;0;0;M2_0;-2.553500332;0
